"data__propertyLookup__address__slug","data__propertyLookup__address__fullAddress","data__propertyLookup__address__hcAddressId","data__propertyLookup__address__streetAddress","data__propertyLookup__address__unit","data__propertyLookup__address__city","data__propertyLookup__address__state","data__propertyLookup__address__zipcode","data__propertyLookup__address__zipcodePlus4","data__propertyLookup__avm__priceUpper","data__propertyLookup__avm__priceLower","data__propertyLookup__avm__fsd","data__propertyLookup__avm__quality","data__propertyLookup__avm__priceMean","data__propertyLookup__livingSpace__bedrooms__count","data__propertyLookup__livingSpace__bathrooms__summaryCount","data__propertyLookup__rentalAvm__priceMean","data__propertyLookup__rentalAvm__priceUpper","data__propertyLookup__rentalAvm__priceLower","data__propertyLookup__rentalAvm__fsd","data__propertyLookup__rentalAvm__quality","data__propertyLookup__rentalYield","data__propertyLookup__latestAssessment__taxSummary__amount","data__propertyLookup__latestAssessment__taxSummary__year"
"60674-Somerton-Hwy-Barnesville-OH-43713","60674 Somerton Hwy Barnesville OH 43713",85066148,"60674 Somerton Hwy","","Barnesville","OH","43713","9436",,,,,,,,,,,,,,,
"60674-Westview-Dr-Cambridge-OH-43725","60674 Westview Dr Cambridge OH 43725",30307550,"60674 Westview Dr","","Cambridge","OH","43725","8633",,,,,,,,,,,,,,,
"60701-Salem-Rd-Salesville-OH-43778","60701 Salem Rd Salesville OH 43778",6627251,"60701 Salem Rd","","Salesville","OH","43778","9569",234358,117188,0.3332992,"LOW",175773,,2.5,1462,1709,1217,0.1682627,"LOW",0.0998,1966.68,2022
"60701-252nd-Ave-Mantorville-MN-55955","60701 252nd Ave Mantorville MN 55955",12153530,"60701 252nd Ave","","Mantorville","MN","55955","7029",472496,394946,0.0894008,"HIGH",433721,4,2,2499,2803,2195,0.1216487,"LOW",0.0691,3928,2022
"60701-Millie-Ln-Eagle-Lake-MN-56024","60701 Millie Ln Eagle Lake MN 56024",9086172,"60701 Millie Ln","","Eagle Lake","MN","56024","4470",599518,463834,0.1276003,"LOW",531676,3,2.5,,,,,,,4888,2023
"60664-Shaw-Rd-Cambridge-OH-43725","60664 Shaw Rd Cambridge OH 43725",37519547,"60664 Shaw Rd","","Cambridge","OH","43725","9427",233637,149281,0.2202978,"LOW",191459,,1,1426,1612,1242,0.1297335,"LOW",0.0894,1403.64,2022
"60664-Csah-3-Litchfield-MN-55355","60664 Csah 3 Litchfield MN 55355",127732638,"60664 Csah 3","","Litchfield","MN","55355","2266",243548,175244,0.1630977,"LOW",209396,,,,,,,,,1742,2023
"60664-223rd-St-Eagle-Lake-MN-56024","60664 223rd St Eagle Lake MN 56024",41584568,"60664 223rd St","","Eagle Lake","MN","56024","4487",562989,416123,0.1499992,"LOW",489556,3,4,,,,,,,4470,2023
"60664-County-Highway-50-Wadena-MN-56482","60664 County Highway 50 Wadena MN 56482",74316263,"60664 County Highway 50","","Wadena","MN","56482","4413",441315,346747,0.1200007,"LOW",394031,,,,,,,,,1712,2023
"60668-Goodyear-Rd-Lore-City-OH-43755","60668 Goodyear Rd Lore City OH 43755",56254931,"60668 Goodyear Rd","","Lore City","OH","43755","9770",324579,250813,0.1282013,"LOW",287696,,3,1825,2077,1573,0.1380822,"LOW",0.0761,2784.68,2022
"60670-Main-St-Jacobsburg-OH-43933","60670 Main St Jacobsburg OH 43933",136496948,"60670 Main St","","Jacobsburg","OH","43933","9603",116076,49262,0.4041055,"LOW",82669,2,1,1053,1208,898,0.1471985,"LOW",0.1529,712.28,2022
"60675-Vocational-Rd-Byesville-OH-43723","60675 Vocational Rd Byesville OH 43723",64734546,"60675 Vocational Rd","","Byesville","OH","43723","9780",335857,221675,0.204799,"LOW",278766,,2.5,1741,1988,1495,0.1415853,"LOW",0.0749,3083,2022
"60675-Osprey-Ave-Swatara-MN-55785","60675 Osprey Ave Swatara MN 55785",127943196,"60675 Osprey Ave","","Swatara","MN","55785","5260",157938,43668,0.5667986,"LOW",100803,4,,,,,,,,578,2022
"60677-255th-St-Litchfield-MN-55355","60677 255th St Litchfield MN 55355",127867236,"60677 255th St","","Litchfield","MN","55355","4547",406909,297147,0.1558995,"LOW",352028,,,,,,,,,3720,2023
"60677-120th-Ave-Claremont-MN-55924","60677 120th Ave Claremont MN 55924",127904915,"60677 120th Ave","","Claremont","MN","55924","4585",692179,481503,0.1795001,"LOW",586841,4,3,2758,3150,2368,0.1417694,"LOW",0.0564,9584,2022
"60677-226th-Ave-Mantorville-MN-55955","60677 226th Ave Mantorville MN 55955",289974320,"60677 226th Ave","","Mantorville","MN","55955","4005",641063,550615,0.0758997,"HIGH",595839,,2,2610,2952,2269,0.1308429,"LOW",0.0526,2304,2022
"60677-227th-Ave-Mantorville-MN-55955","60677 227th Ave Mantorville MN 55955",57467241,"60677 227th Ave","","Mantorville","MN","55955","7066",609960,466282,0.1334997,"LOW",538121,2,2,2536,2908,2164,0.1466877,"LOW",0.0566,5030,2022
"60677-200th-St-Wells-MN-56097","60677 200th St Wells MN 56097",22616676,"60677 200th St","","Wells","MN","56097","6360",317733,185607,0.2624985,"LOW",251670,4,2,,,,,,,1846,2022
"60678-226th-Ave-Mantorville-MN-55955","60678 226th Ave Mantorville MN 55955",289974318,"60678 226th Ave","","Mantorville","MN","55955","4005",584834,483942,0.0943996,"HIGH",534388,,2.5,2388,2691,2085,0.1268844,"LOW",0.0536,4746,2022
"60680-Greenlawn-Rd-Quaker-City-OH-43773","60680 Greenlawn Rd Quaker City OH 43773",77129159,"60680 Greenlawn Rd","","Quaker City","OH","43773","9688",120458,28384,0.6186023,"LOW",74421,,,1090,1482,700,0.3587156,"LOW",0.1758,280.5,2022
"60680-Cherry-Ln-Shadyside-OH-43947","60680 Cherry Ln Shadyside OH 43947",22037706,"60680 Cherry Ln","","Shadyside","OH","43947","9778",303687,244435,0.1081,"LOW",274061,3,3.5,1992,2296,1690,0.1521084,"LOW",0.0872,3671.48,2022
"60680-216th-St-Eagle-Lake-MN-56024","60680 216th St Eagle Lake MN 56024",10525089,"60680 216th St","","Eagle Lake","MN","56024","4408",576923,438607,0.1362008,"LOW",507765,3,2,,,,,,,4162,2023
"60680-230th-St-Madison-Lake-MN-56063","60680 230th St Madison Lake MN 56063",127809891,"60680 230th St","","Madison Lake","MN","56063","4278",509745,401165,0.1191995,"LOW",455455,2,3,,,,,,,4360,2023
"60681-Ray-Ramsey-Rd-Jacobsburg-OH-43933","60681 Ray Ramsey Rd Jacobsburg OH 43933",73481040,"60681 Ray Ramsey Rd","","Jacobsburg","OH","43933","8723",110343,42731,0.4416949,"LOW",76537,,,922,1069,775,0.159436,"LOW",0.1446,306.1,2022
"60684-Township-Road-104-Newcomerstown-OH-43832","60684 Township Road 104 Newcomerstown OH 43832",69892511,"60684 Township Road 104","","Newcomerstown","OH","43832","9620",187970,119246,0.2236993,"LOW",153608,,,,,,,,,,
"60685-Gibbon-Rd-Shadyside-OH-43947","60685 Gibbon Rd Shadyside OH 43947",4072998,"60685 Gibbon Rd","","Shadyside","OH","43947","9762",134612,62276,0.3673967,"LOW",98444,2,1,1139,1341,938,0.1769096,"LOW",0.1388,1821.38,2022
"60685-430th-St-Sebeka-MN-56477","60685 430th St Sebeka MN 56477",43135030,"60685 430th St","","Sebeka","MN","56477","2606",248590,157504,0.2242978,"LOW",203047,,,,,,,,,1360,2023
"60687-Southgate-Rd-Byesville-OH-43723","60687 Southgate Rd Byesville OH 43723",56397441,"60687 Southgate Rd","","Byesville","OH","43723","9643",,,,,,,,,,,,,,,
"60687-205th-Ave-Dodge-Center-MN-55927","60687 205th Ave Dodge Center MN 55927",10590679,"60687 205th Ave","","Dodge Center","MN","55927","8004",510629,393939,0.1290008,"LOW",452284,4,2,2094,2398,1792,0.1446991,"LOW",0.0556,2162,2022
"60690-Sandy-Ridge-Rd-Barnesville-OH-43713","60690 Sandy Ridge Rd Barnesville OH 43713",85462017,"60690 Sandy Ridge Rd","","Barnesville","OH","43713","8900",268545,182525,0.1907021,"LOW",225535,2,2,,,,,,,1488.7,2022
"60690-S-26-Rd-Bethesda-OH-43719","60690 S 26 Rd Bethesda OH 43719",30955113,"60690 S 26 Rd","","Bethesda","OH","43719","9704",163163,66095,0.4234007,"LOW",114629,3,1,1413,1608,1220,0.1372965,"LOW",0.1479,704.02,2022
"60690-Cherry-Ln-Shadyside-OH-43947","60690 Cherry Ln Shadyside OH 43947",3193222,"60690 Cherry Ln","","Shadyside","OH","43947","9778",82557,25849,0.5231076,"LOW",54203,2,2,1025,1231,821,0.2,"LOW",0.2269,978.1,2022
"60690-800th-St-Alpha-MN-56111","60690 800th St Alpha MN 56111",127382890,"60690 800th St","","Alpha","MN","56111","3206",256427,194315,0.1377995,"LOW",225371,3,2,,,,,,,434,2021
"60691-Greenlawn-Rd-Quaker-City-OH-43773","60691 Greenlawn Rd Quaker City OH 43773",77128037,"60691 Greenlawn Rd","","Quaker City","OH","43773","9688",247290,116586,0.3591993,"LOW",181938,,2,1778,2342,1215,0.3169291,"LOW",0.1173,3540.9,2022
"60691-Mount-Zion-Rd-Mc-Arthur-OH-45651","60691 Mount Zion Rd Mc Arthur OH 45651",181227307,"60691 Mount Zion Rd","","Mc Arthur","OH","45651","8505",142342,69036,0.3468005,"LOW",105689,,1,,,,,,,365.61,2021
"60693-State-Highway-4-Fairfax-MN-55332","60693 State Highway 4 Fairfax MN 55332",127896712,"60693 State Highway 4","","Fairfax","MN","55332","2006",301144,205150,0.1896013,"LOW",253147,,,,,,,,,2112,2022
"60693-235th-St-Madison-Lake-MN-56063","60693 235th St Madison Lake MN 56063",210801390,"60693 235th St","","Madison Lake","MN","56063","4258",,,,,,,,,,,,,,,
"60693-140th-St-Mapleton-MN-56065","60693 140th St Mapleton MN 56065",20432455,"60693 140th St","","Mapleton","MN","56065","5613",265002,151996,0.2709989,"LOW",208499,2,1,,,,,,,2338,2023
"60694-County-Road-16-Fairfax-MN-55332","60694 County Road 16 Fairfax MN 55332",128799896,"60694 County Road 16","","Fairfax","MN","55332","2098",228225,144235,0.2255007,"LOW",186230,,,,,,,,,1192,2022
"60696-Frankfort-Rd-Salesville-OH-43778","60696 Frankfort Rd Salesville OH 43778",76936597,"60696 Frankfort Rd","","Salesville","OH","43778","9737",75893,11551,0.7358081,"LOW",43722,,,1039,1356,724,0.3041386,"LOW",0.2852,479.98,2022
"60696-380th-St-Eden-Valley-MN-55329","60696 380th St Eden Valley MN 55329",270456924,"60696 380th St","","Eden Valley","MN","55329","1525",,,,,,3,2,,,,,,,1010,2023
"60696-N-State-Highway-123-Askov-MN-55704","60696 N State Highway 123 Askov MN 55704",128525260,"60696 N State Highway 123","","Askov","MN","55704","4243",148111,75689,0.3236014,"LOW",111900,2,1,,,,,,,464,2022
"60697-235th-St-Madison-Lake-MN-56063","60697 235th St Madison Lake MN 56063",13030166,"60697 235th St","","Madison Lake","MN","56063","4258",412966,336926,0.1014013,"LOW",374946,4,2.5,,,,,,,3256,2023
"60697-State-Highway-38-Bigfork-MN-56628","60697 State Highway 38 Bigfork MN 56628",88203801,"60697 State Highway 38","","Bigfork","MN","56628","4403",205810,93702,0.3743022,"LOW",149756,4,,,,,,,,2796,2023
"60699-140th-St-Alden-MN-56009","60699 140th St Alden MN 56009",179600638,"60699 140th St","","Alden","MN","56009","4300",,,,,,,,,,,,,,,
"60689-180th-St-Litchfield-MN-55355","60689 180th St Litchfield MN 55355",127833097,"60689 180th St","","Litchfield","MN","55355","7100",281528,193304,0.1858005,"LOW",237416,,,,,,,,,804,2023
"60621-Division-Rd-Lore-City-OH-43755","60621 Division Rd Lore City OH 43755",832586,"60621 Division Rd","","Lore City","OH","43755","9763",308812,213138,0.1833011,"LOW",260975,,1.5,1386,1604,1170,0.1565657,"LOW",0.0637,2674.12,2022
"60621-Morgan-Rd-New-Concord-OH-43762","60621 Morgan Rd New Concord OH 43762",17861761,"60621 Morgan Rd","","New Concord","OH","43762","9528",774969,602509,0.1251998,"LOW",688739,4,4,3366,4168,2564,0.238265,"LOW",0.0586,7814.4,2022
"60621-Webb-Heights-Rd-Shadyside-OH-43947","60621 Webb Heights Rd Shadyside OH 43947",73751844,"60621 Webb Heights Rd","","Shadyside","OH","43947","9796",,,,,,,,,,,,,,,
"60621-Bolar-Rd-Mc-Arthur-OH-45651","60621 Bolar Rd Mc Arthur OH 45651",257260813,"60621 Bolar Rd","","Mc Arthur","OH","45651","8640",72973,3691,0.9037097,"LOW",38332,,,,,,,,,85.85,2021
"60621-470th-St-Sebeka-MN-56477","60621 470th St Sebeka MN 56477",28580094,"60621 470th St","","Sebeka","MN","56477","2500",276493,203113,0.1530006,"LOW",239803,,,,,,,,,1076,2023
"10-W-64th-St-Chicago-IL-60621","10 W 64th St Chicago IL 60621",192372784,"10 W 64th St","","Chicago","IL","60621","3813",,,,,,,,,,,,,,,
"100-W-72nd-St-Chicago-IL-60621","100 W 72nd St Chicago IL 60621",43443336,"100 W 72nd St","","Chicago","IL","60621","3510",246697,96223,0.4388021,"LOW",171460,,,1686,2237,1136,0.3265125,"LOW",0.118,2211.82,2021
"100-W-Marquette-Rd-Chicago-IL-60621","100 W Marquette Rd Chicago IL 60621",44337215,"100 W Marquette Rd","","Chicago","IL","60621","3711",,,,,,,,,,,,,,,
"1000-W-63rd-St-Chicago-IL-60621","1000 W 63rd St Chicago IL 60621",5431983,"1000 W 63rd St","","Chicago","IL","60621","1314",,,,,,,,,,,,,,,
"1000-W-69th-St-Chicago-IL-60621","1000 W 69th St Chicago IL 60621",220560810,"1000 W 69th St","","Chicago","IL","60621","1126",166940,65826,0.4344019,"LOW",116383,,,1891,2509,1274,0.3265468,"LOW",0.195,34.09,2021
"1000-W-70th-St-Chicago-IL-60621","1000 W 70th St Chicago IL 60621",177060022,"1000 W 70th St","","Chicago","IL","60621","1104",,,,,,,,,,,,,,,
"1000-W-Marquette-Rd-Chicago-IL-60621","1000 W Marquette Rd Chicago IL 60621",203194,"1000 W Marquette Rd","","Chicago","IL","60621","1216",,,,,,,,,,,,,,,
"1001-W-59th-St-Chicago-IL-60621","1001 W 59th St Chicago IL 60621",47527123,"1001 W 59th St","","Chicago","IL","60621","1421",529924,316330,0.2523994,"LOW",423127,,,,,,,,,2815.08,2021
"1001-W-61st-St-Chicago-IL-60621","1001 W 61st St Chicago IL 60621",47605563,"1001 W 61st St","","Chicago","IL","60621","1405",,,,,,,,,,,,,,,
"1001-W-63rd-St-Chicago-IL-60621","1001 W 63rd St Chicago IL 60621",55650033,"1001 W 63rd St","","Chicago","IL","60621","1313",,,,,,,,,,,,,,,
"1001-W-69th-St-Chicago-IL-60621","1001 W 69th St Chicago IL 60621",43999069,"1001 W 69th St","","Chicago","IL","60621","1125",,,,,,,,,,,,,,,
"1001-W-Garfield-Blvd-Chicago-IL-60621","1001 W Garfield Blvd Chicago IL 60621",63818801,"1001 W Garfield Blvd","","Chicago","IL","60621","1527",666582,360114,0.2984993,"LOW",513348,,,1519,2848,191,0.8745885,"LOW",0.0355,12842.84,2021
"1002-W-70th-St-Chicago-IL-60621","1002 W 70th St Chicago IL 60621",189316375,"1002 W 70th St","","Chicago","IL","60621","1104",,,,,,,,,,,,,,,
"1003-W-69th-St-Chicago-IL-60621","1003 W 69th St Chicago IL 60621",55979307,"1003 W 69th St","","Chicago","IL","60621","1125",,,,,,,,,,,,,,,
"1003-W-Marquette-Rd-Chicago-IL-60621","1003 W Marquette Rd Chicago IL 60621",57448431,"1003 W Marquette Rd","","Chicago","IL","60621","1215",62922,13560,0.6454068,"LOW",38241,3,1,1702,2040,1365,0.1982961,"LOW",0.5341,637.22,2021
"1004-W-57th-St-Chicago-IL-60621","1004 W 57th St Chicago IL 60621",28523496,"1004 W 57th St","","Chicago","IL","60621","1502",,,,,,,1,,,,,,,1944.47,2021
"1004-W-Marquette-Rd-Chicago-IL-60621","1004 W Marquette Rd Chicago IL 60621",4746924,"1004 W Marquette Rd","","Chicago","IL","60621","1216",99346,35224,0.4764955,"LOW",67285,1,1,1081,1372,790,0.2691952,"LOW",0.1928,301.23,2021
"1005-W-61st-St-Chicago-IL-60621","1005 W 61st St Chicago IL 60621",33946400,"1005 W 61st St","","Chicago","IL","60621","1405",,,,,,,,,,,,,,,
"1005-W-Marquette-Rd-Chicago-IL-60621","1005 W Marquette Rd Chicago IL 60621",4417032,"1005 W Marquette Rd","","Chicago","IL","60621","1215",64095,11941,0.6859119,"LOW",38018,3,1,1702,2040,1365,0.1982961,"LOW",0.5372,1306.92,2021
"1006-W-Marquette-Rd-Chicago-IL-60621","1006 W Marquette Rd Chicago IL 60621",55930753,"1006 W Marquette Rd","","Chicago","IL","60621","1216",,,,,,,,,,,,,,,
"1007-W-63rd-St-Chicago-IL-60621","1007 W 63rd St Chicago IL 60621",20474426,"1007 W 63rd St","","Chicago","IL","60621","1313",349134,222842,0.2207995,"LOW",285988,,,1865,3021,710,0.619571,"LOW",0.0783,1310.74,2021
"1007-W-Marquette-Rd-Chicago-IL-60621","1007 W Marquette Rd Chicago IL 60621",57174649,"1007 W Marquette Rd","","Chicago","IL","60621","1215",84375,21791,0.5894919,"LOW",53083,3,1.5,1710,1947,1473,0.1385965,"LOW",0.3866,,2021
"1008-W-57th-St-Chicago-IL-60621","1008 W 57th St Chicago IL 60621",27433872,"1008 W 57th St","","Chicago","IL","60621","1502",117525,51697,0.3890038,"LOW",84611,2,1,1346,1592,1101,0.1823923,"LOW",0.1909,,2021
"1008-W-61st-St-Chicago-IL-60621","1008 W 61st St Chicago IL 60621",52533917,"1008 W 61st St","","Chicago","IL","60621","1406",,,,,,,,,,,,,,,
"1008-W-69th-St-Chicago-IL-60621","1008 W 69th St Chicago IL 60621",47227176,"1008 W 69th St","","Chicago","IL","60621","1126",,,,,,,,,,,,,,,
"1008-W-Marquette-Rd-Chicago-IL-60621","1008 W Marquette Rd Chicago IL 60621",31512840,"1008 W Marquette Rd","","Chicago","IL","60621","1216",,,,,,,,,,,,,,,
"1009-W-59th-St-Chicago-IL-60621","1009 W 59th St Chicago IL 60621",22606994,"1009 W 59th St","","Chicago","IL","60621","1421",,,,,,,,,,,,,,,
"1009-W-62nd-St-Chicago-IL-60621","1009 W 62nd St Chicago IL 60621",53024328,"1009 W 62nd St","","Chicago","IL","60621","1309",,,,,,,,,,,,,,,
"1009-W-63rd-St-Chicago-IL-60621","1009 W 63rd St Chicago IL 60621",53451144,"1009 W 63rd St","","Chicago","IL","60621","1315",339204,228122,0.1957992,"LOW",283663,,,1809,2933,686,0.6210614,"LOW",0.0765,1470.39,2021
"1009-W-Garfield-Blvd-Chicago-IL-60621","1009 W Garfield Blvd Chicago IL 60621",12255651,"1009 W Garfield Blvd","","Chicago","IL","60621","1555",690333,375407,0.2954998,"LOW",532870,,,1903,2930,878,0.5391487,"LOW",0.0429,,2021
"1009-W-Marquette-Rd-Chicago-IL-60621","1009 W Marquette Rd Chicago IL 60621",47812985,"1009 W Marquette Rd","","Chicago","IL","60621","1215",,,,,,4,2,1469,1972,968,0.3417291,"LOW",0.7194,1306.92,2021
"101-W-70th-St-Chicago-IL-60621","101 W 70th St Chicago IL 60621",60510467,"101 W 70th St","","Chicago","IL","60621","3604",,,,,,,,,,,,,,,
"1010-W-59th-St-Chicago-IL-60621","1010 W 59th St Chicago IL 60621",34614838,"1010 W 59th St","","Chicago","IL","60621","1422",168385,82095,0.3444986,"LOW",125240,6,2,1323,1574,1074,0.1889645,"LOW",0.1268,804.18,2021
"1011-W-59th-St-Chicago-IL-60621","1011 W 59th St Chicago IL 60621",58439828,"1011 W 59th St","","Chicago","IL","60621","1421",390963,170645,0.3922985,"LOW",280804,,,,,,,,,268.21,2021
"1011-W-Garfield-Blvd-Chicago-IL-60621","1011 W Garfield Blvd Chicago IL 60621",44936837,"1011 W Garfield Blvd","","Chicago","IL","60621","1527",208859,99579,0.3543014,"LOW",154219,4,1.5,1605,1859,1352,0.1579439,"LOW",0.1249,235.2,2021
"1011-W-Marquette-Rd-Chicago-IL-60621","1011 W Marquette Rd Chicago IL 60621",49903914,"1011 W Marquette Rd","","Chicago","IL","60621","1215",75632,23214,0.5302997,"LOW",49423,3,1.5,1736,2000,1472,0.1520737,"LOW",0.4215,1306.92,2021
"1013-W-61st-St-Chicago-IL-60621","1013 W 61st St Chicago IL 60621",43659003,"1013 W 61st St","","Chicago","IL","60621","1405",61517,38389,0.2314976,"LOW",49953,3,2,1600,1912,1290,0.194375,"LOW",0.3844,703.79,2021
"1013-W-63rd-St-Chicago-IL-60621","1013 W 63rd St Chicago IL 60621",9818046,"1013 W 63rd St","","Chicago","IL","60621","1313",266160,125568,0.3589021,"LOW",195864,,,1871,2672,1070,0.4281133,"LOW",0.1146,1608.75,2021
"1013-W-69th-St-Chicago-IL-60621","1013 W 69th St Chicago IL 60621",3646218,"1013 W 69th St","","Chicago","IL","60621","1125",,,,,,,,,,,,,,,
"1014-W-61st-St-Chicago-IL-60621","1014 W 61st St Chicago IL 60621",23616413,"1014 W 61st St","","Chicago","IL","60621","1406",,,,,,,,,,,,,,,
"1014-W-72nd-St-Chicago-IL-60621","1014 W 72nd St Chicago IL 60621",7878425,"1014 W 72nd St","","Chicago","IL","60621","1010",300694,201300,0.1979984,"LOW",250997,10,4,2098,2624,1573,0.2504766,"LOW",0.1003,,
"1014-W-Marquette-Rd-Chicago-IL-60621","1014 W Marquette Rd Chicago IL 60621",27208704,"1014 W Marquette Rd","","Chicago","IL","60621","1216",228090,114464,0.3317024,"LOW",171277,,,1507,1810,1204,0.2010617,"LOW",0.1056,1508.16,2021
"1015-W-59th-St-Chicago-IL-60621","1015 W 59th St Chicago IL 60621",41633791,"1015 W 59th St","","Chicago","IL","60621","1421",379306,182088,0.3513005,"LOW",280697,,,,,,,,,201.78,2021
"1015-W-61st-St-Chicago-IL-60621","1015 W 61st St Chicago IL 60621",879984,"1015 W 61st St","","Chicago","IL","60621","1405",,,,,,,,,,,,,,,
"1015-W-63rd-St-Chicago-IL-60621","1015 W 63rd St Chicago IL 60621",53110602,"1015 W 63rd St","","Chicago","IL","60621","1313",278061,136677,0.3408996,"LOW",207369,,,1749,2134,1364,0.2201258,"LOW",0.1012,1206.53,2021
"1015-W-69th-St-Chicago-IL-60621","1015 W 69th St Chicago IL 60621",19093079,"1015 W 69th St","","Chicago","IL","60621","1125",,,,,,,,,,,,,,,
"1015-W-71st-St-Chicago-IL-60621","1015 W 71st St Chicago IL 60621",23173882,"1015 W 71st St","","Chicago","IL","60621","1007",81655,825,0.9799952,"LOW",41240,,,1675,2187,1164,0.3053731,"LOW",0.4874,,
"1015-W-Garfield-Blvd-Chicago-IL-60621","1015 W Garfield Blvd Chicago IL 60621",32511159,"1015 W Garfield Blvd","","Chicago","IL","60621","1527",510828,387964,0.136699,"LOW",449396,,,2336,2589,2083,0.1083048,"LOW",0.0624,4021.82,2021
"1015-W-Marquette-Rd-Chicago-IL-60621","1015 W Marquette Rd Chicago IL 60621",256685122,"1015 W Marquette Rd","","Chicago","IL","60621","1215",,,,,,,,,,,,,,,
"1016-W-57th-St-Chicago-IL-60621","1016 W 57th St Chicago IL 60621",34421884,"1016 W 57th St","","Chicago","IL","60621","1502",76190,17820,0.6208914,"LOW",47005,4,1,1118,1340,898,0.1976744,"LOW",0.2854,369.41,2021
"1016-W-59th-St-Chicago-IL-60621","1016 W 59th St Chicago IL 60621",56491268,"1016 W 59th St","","Chicago","IL","60621","1422",196301,99667,0.3265015,"LOW",147984,,,1592,2014,1172,0.2644472,"LOW",0.1291,,
"1016-W-64th-St-Chicago-IL-60621","1016 W 64th St Chicago IL 60621",4091189,"1016 W 64th St","","Chicago","IL","60621","1302",324243,178421,0.2900984,"LOW",251332,,,1613,2064,1164,0.2789833,"LOW",0.077,7239.66,2021
"1016-W-70th-St-Chicago-IL-60621","1016 W 70th St Chicago IL 60621",56028951,"1016 W 70th St","","Chicago","IL","60621","1104",373549,207941,0.2847994,"LOW",290745,,,2043,3233,853,0.5824767,"LOW",0.0843,3016.13,2021
"1016-W-Marquette-Rd-Chicago-IL-60621","1016 W Marquette Rd Chicago IL 60621",52640534,"1016 W Marquette Rd","","Chicago","IL","60621","1216",173846,73762,0.4042034,"LOW",123804,,,1452,1730,1175,0.1911157,"LOW",0.1407,134.68,2021
"1017-W-59th-St-Chicago-IL-60621","1017 W 59th St Chicago IL 60621",41297709,"1017 W 59th St","","Chicago","IL","60621","1421",,,,,,,,,,,,,,,
"1017-W-61st-St-Chicago-IL-60621","1017 W 61st St Chicago IL 60621",17991626,"1017 W 61st St","","Chicago","IL","60621","1405",,,,,,,,,,,,,,,
"1017-W-63rd-St-Chicago-IL-60621","1017 W 63rd St Chicago IL 60621",37731028,"1017 W 63rd St","","Chicago","IL","60621","1313",,,,,,,,,,,,,,,
"1017-W-Garfield-Blvd-Chicago-IL-60621","1017 W Garfield Blvd Chicago IL 60621",184695367,"1017 W Garfield Blvd","","Chicago","IL","60621","1527",,,,,,,,,,,,,,,
"1018-W-57th-St-Chicago-IL-60621","1018 W 57th St Chicago IL 60621",54607839,"1018 W 57th St","","Chicago","IL","60621","1502",,,,,,,,,,,,,,,
"1019-W-59th-St-Chicago-IL-60621","1019 W 59th St Chicago IL 60621",14924149,"1019 W 59th St","","Chicago","IL","60621","1421",,,,,,,,,,,,,,,
"1019-W-63rd-St-Chicago-IL-60621","1019 W 63rd St Chicago IL 60621",3483318,"1019 W 63rd St","","Chicago","IL","60621","1313",,,,,,,,,,,,,,,
"1019-W-69th-St-Chicago-IL-60621","1019 W 69th St Chicago IL 60621",45472966,"1019 W 69th St","","Chicago","IL","60621","1125",197257,101685,0.3197008,"LOW",149471,,,1518,2679,357,0.7648221,"LOW",0.1219,637.22,2021
"1019-W-Garfield-Blvd-Chicago-IL-60621","1019 W Garfield Blvd Chicago IL 60621",50517999,"1019 W Garfield Blvd","","Chicago","IL","60621","1527",578629,406859,0.1742994,"LOW",492744,,,,,,,,,3217.44,2021
"102-W-72nd-St-Chicago-IL-60621","102 W 72nd St Chicago IL 60621",134922824,"102 W 72nd St","","Chicago","IL","60621","3510",191553,101073,0.3092001,"LOW",146313,,,1455,1922,989,0.3206186,"LOW",0.1193,,
"102-W-73rd-St-Chicago-IL-60621","102 W 73rd St Chicago IL 60621",62997669,"102 W 73rd St","","Chicago","IL","60621","3512",166062,116644,0.1748035,"LOW",141353,,,1175,1317,1034,0.1204255,"LOW",0.0998,2010.71,2021
"102-W-74th-St-Chicago-IL-60621","102 W 74th St Chicago IL 60621",46114790,"102 W 74th St","","Chicago","IL","60621","3404",278178,136920,0.3403004,"LOW",207549,,,1810,2320,1300,0.281768,"LOW",0.1046,1168.29,2021
"102-W-75th-St-Chicago-IL-60621","102 W 75th St Chicago IL 60621",37027735,"102 W 75th St","","Chicago","IL","60621","3471",,,,,,,,,,,,,,,
"1020-W-57th-St-Chicago-IL-60621","1020 W 57th St Chicago IL 60621",21949691,"1020 W 57th St","","Chicago","IL","60621","1502",,,,,,,,,,,,,,,
"1020-W-61st-St-Chicago-IL-60621","1020 W 61st St Chicago IL 60621",12742413,"1020 W 61st St","","Chicago","IL","60621","1406",199147,75861,0.4482997,"LOW",137504,,,1557,1940,1175,0.2456647,"LOW",0.1359,33.89,2021
"1020-W-68th-St-Chicago-IL-60621","1020 W 68th St Chicago IL 60621",54426856,"1020 W 68th St","","Chicago","IL","60621","1106",,,,,,7,4,,,,,,,1507.96,2021
"1021-W-61st-St-Chicago-IL-60621","1021 W 61st St Chicago IL 60621",22479430,"1021 W 61st St","","Chicago","IL","60621","1405",300427,177123,0.2582012,"LOW",238775,,,1672,2050,1296,0.2254785,"LOW",0.084,1052.1,2021
"1021-W-69th-St-Chicago-IL-60621","1021 W 69th St Chicago IL 60621",4579399,"1021 W 69th St","","Chicago","IL","60621","1125",115382,39254,0.4923045,"LOW",77318,,,1397,2113,682,0.5121689,"LOW",0.2168,623.36,2021
"1022-W-63rd-St-Chicago-IL-60621","1022 W 63rd St Chicago IL 60621",59475768,"1022 W 63rd St","","Chicago","IL","60621","1314",408049,159435,0.4380987,"LOW",283742,,,,,,,,,5429.46,2021
"1023-W-Garfield-Blvd-Chicago-IL-60621","1023 W Garfield Blvd Chicago IL 60621",47363817,"1023 W Garfield Blvd","","Chicago","IL","60621","1554",,,,,,,,,,,,,,,
"1024-W-61st-St-Chicago-IL-60621","1024 W 61st St Chicago IL 60621",12888227,"1024 W 61st St","","Chicago","IL","60621","1406",70117,55925,0.1125974,"LOW",63021,4,1,1518,1943,1094,0.2796443,"LOW",0.289,,2021
"103-W-72nd-St-Chicago-IL-60621","103 W 72nd St Chicago IL 60621",20298228,"103 W 72nd St","","Chicago","IL","60621","3509",218311,93607,0.3997974,"LOW",155959,,,1703,2319,1087,0.3617146,"LOW",0.131,1516.33,2021
"103-W-73rd-St-Chicago-IL-60621","103 W 73rd St Chicago IL 60621",37002274,"103 W 73rd St","","Chicago","IL","60621","3511",274152,130530,0.3549009,"LOW",202341,,,1804,2233,1376,0.2375277,"LOW",0.107,1836.38,2021
"1033-W-69th-St-Chicago-IL-60621","1033 W 69th St Chicago IL 60621",16431196,"1033 W 69th St","","Chicago","IL","60621","1125",,,,,,,,,,,,,,,
"1034-W-57th-St-Chicago-IL-60621","1034 W 57th St Chicago IL 60621",46981208,"1034 W 57th St","","Chicago","IL","60621","1541",,,,,,,,,,,,,,,
"1034-W-59th-St-Chicago-IL-60621","1034 W 59th St Chicago IL 60621",64013485,"1034 W 59th St","","Chicago","IL","60621","1451",,,,,,,,,,,,,,,
"1035-W-Garfield-Blvd-Chicago-IL-60621","1035 W Garfield Blvd Chicago IL 60621",41193503,"1035 W Garfield Blvd","","Chicago","IL","60621","1551",321100,187130,0.2636011,"LOW",254115,,,,,,,,,1709.07,2021
"1036-W-57th-St-Chicago-IL-60621","1036 W 57th St Chicago IL 60621",8020563,"1036 W 57th St","","Chicago","IL","60621","1541",,,,,,,,,,,,,,,
"1036-W-61st-St-Chicago-IL-60621","1036 W 61st St Chicago IL 60621",3772707,"1036 W 61st St","","Chicago","IL","60621","1459",203381,87641,0.3977019,"LOW",145511,,,1475,1783,1167,0.2088136,"LOW",0.1216,703.79,2021
"1038-W-57th-St-Chicago-IL-60621","1038 W 57th St Chicago IL 60621",5602946,"1038 W 57th St","","Chicago","IL","60621","1541",,,,,,,,,,,,,,,
"1038-W-61st-St-Chicago-IL-60621","1038 W 61st St Chicago IL 60621",23469434,"1038 W 61st St","","Chicago","IL","60621","1459",83285,841,0.9800062,"LOW",42063,,,1378,1906,851,0.3828012,"LOW",0.3931,,
"1038-W-Marquette-Rd-Chicago-IL-60621","1038 W Marquette Rd Chicago IL 60621",22682627,"1038 W Marquette Rd","","Chicago","IL","60621","1242",241929,125353,0.3174019,"LOW",183641,3,1.5,1837,2124,1550,0.156233,"LOW",0.12,1407.64,2021
"1039-W-61st-St-Chicago-IL-60621","1039 W 61st St Chicago IL 60621",2201759,"1039 W 61st St","","Chicago","IL","60621","1447",,,,,,,,,,,,,,,
"1039-W-Garfield-Blvd-Chicago-IL-60621","1039 W Garfield Blvd Chicago IL 60621",17594108,"1039 W Garfield Blvd","","Chicago","IL","60621","1550",273920,141394,0.3190983,"LOW",207657,7,3.5,1790,2354,1226,0.3150838,"LOW",0.1034,1206.33,2021
"1040-W-57th-St-Chicago-IL-60621","1040 W 57th St Chicago IL 60621",34565460,"1040 W 57th St","","Chicago","IL","60621","1541",,,,,,,,,,,,,,,
"1040-W-61st-St-Chicago-IL-60621","1040 W 61st St Chicago IL 60621",50882735,"1040 W 61st St","","Chicago","IL","60621","1459",,,,,,,,,,,,,,,
"1041-W-59th-St-Chicago-IL-60621","1041 W 59th St Chicago IL 60621",58539160,"1041 W 59th St","","Chicago","IL","60621","1450",243891,123277,0.3284981,"LOW",183584,,,1797,2259,1336,0.2568169,"LOW",0.1175,734.79,2021
"1041-W-61st-St-Chicago-IL-60621","1041 W 61st St Chicago IL 60621",15115497,"1041 W 61st St","","Chicago","IL","60621","1458",401870,184844,0.3699008,"LOW",293357,8,4,2281,2630,1933,0.1527839,"LOW",0.0933,2413.06,2021
"1041-W-Garfield-Blvd-Chicago-IL-60621","1041 W Garfield Blvd Chicago IL 60621",15949979,"1041 W Garfield Blvd","","Chicago","IL","60621","1551",,,,,,,,,,,,,,,
"1042-W-Marquette-Rd-Chicago-IL-60621","1042 W Marquette Rd Chicago IL 60621",31163571,"1042 W Marquette Rd","","Chicago","IL","60621","1242",379872,266718,0.1750012,"LOW",323295,8,3,2488,3032,1944,0.2186495,"LOW",0.0923,1307.12,2021
"1043-W-63rd-St-Chicago-IL-60621","1043 W 63rd St Chicago IL 60621",31509046,"1043 W 63rd St","","Chicago","IL","60621","1343",,,,,,,,,,,,,,,
"1044-W-57th-St-Chicago-IL-60621","1044 W 57th St Chicago IL 60621",54196553,"1044 W 57th St","","Chicago","IL","60621","1541",,,,,,,,,,,,,,,
"1044-W-69th-St-Chicago-IL-60621","1044 W 69th St Chicago IL 60621",28967076,"1044 W 69th St","","Chicago","IL","60621","1146",,,,,,,,,,,,,,,
"1044-W-Marquette-Rd-Chicago-IL-60621","1044 W Marquette Rd Chicago IL 60621",32821176,"1044 W Marquette Rd","","Chicago","IL","60621","1242",227458,110142,0.3475,"LOW",168800,5,2,1328,1611,1047,0.2123494,"LOW",0.0944,1693.81,2021
"1045-W-59th-St-Chicago-IL-60621","1045 W 59th St Chicago IL 60621",4896490,"1045 W 59th St","","Chicago","IL","60621","1450",,,,,,,,,,,,,,,
"1045-W-61st-St-Chicago-IL-60621","1045 W 61st St Chicago IL 60621",29013118,"1045 W 61st St","","Chicago","IL","60621","1447",,,,,,,,,,,,,,,
"1045-W-Garfield-Blvd-Chicago-IL-60621","1045 W Garfield Blvd Chicago IL 60621",29913897,"1045 W Garfield Blvd","","Chicago","IL","60621","1551",326772,194104,0.2547017,"LOW",260438,,,1760,2890,630,0.6420455,"LOW",0.0811,768.88,2021
"1046-W-59th-St-Chicago-IL-60621","1046 W 59th St Chicago IL 60621",21864919,"1046 W 59th St","","Chicago","IL","60621","1451",,,,,,6,2,1422,1730,1115,0.2162447,"LOW",0.1119,1608.55,2021
"1046-W-61st-St-Chicago-IL-60621","1046 W 61st St Chicago IL 60621",40222262,"1046 W 61st St","","Chicago","IL","60621","1459",367105,248379,0.1928986,"LOW",307742,4,2,,,,,,,,
"1048-W-Marquette-Rd-Chicago-IL-60621","1048 W Marquette Rd Chicago IL 60621",22235277,"1048 W Marquette Rd","","Chicago","IL","60621","1242",294347,155381,0.3090001,"LOW",224864,,,1660,2019,1303,0.2156627,"LOW",0.0886,1910.39,2021
"1049-W-63rd-St-Chicago-IL-60621","1049 W 63rd St Chicago IL 60621",9438979,"1049 W 63rd St","","Chicago","IL","60621","1343",,,,,,,,,,,,,,,
"1049-W-64th-St-Chicago-IL-60621","1049 W 64th St Chicago IL 60621",21081845,"1049 W 64th St","","Chicago","IL","60621","1337",,,,,,6,2,1476,1791,1162,0.2130759,"LOW",0.1212,603.27,2021
"1049-W-68th-St-Chicago-IL-60621","1049 W 68th St Chicago IL 60621",15821584,"1049 W 68th St","","Chicago","IL","60621","1141",93236,30698,0.5046073,"LOW",61967,2,1,1388,1681,1096,0.2107349,"LOW",0.2688,336.66,2021
"1049-W-72nd-St-Chicago-IL-60621","1049 W 72nd St Chicago IL 60621",16250085,"1049 W 72nd St","","Chicago","IL","60621","1052",399762,239858,0.2499984,"LOW",319810,8,4,1669,2778,561,0.6641702,"LOW",0.0626,4222.73,2021
"1049-W-Garfield-Blvd-Chicago-IL-60621","1049 W Garfield Blvd Chicago IL 60621",9417589,"1049 W Garfield Blvd","","Chicago","IL","60621","1551",327451,183831,0.2809017,"LOW",255641,,,1870,2498,1243,0.3355615,"LOW",0.0878,1542.12,2021
"105-W-74th-St-Chicago-IL-60621","105 W 74th St Chicago IL 60621",2135157,"105 W 74th St","","Chicago","IL","60621","3403",311073,173691,0.2833998,"LOW",242382,4,2,1640,2021,1260,0.2320122,"LOW",0.0812,2247.38,2021
"1050-W-57th-St-Chicago-IL-60621","1050 W 57th St Chicago IL 60621",24795755,"1050 W 57th St","","Chicago","IL","60621","1541",,,,,,,,,,,,,,,
"1050-W-59th-St-Chicago-IL-60621","1050 W 59th St Chicago IL 60621",51492629,"1050 W 59th St","","Chicago","IL","60621","1451",179545,77297,0.3980969,"LOW",128421,,,1464,1787,1143,0.2199454,"LOW",0.1368,,2021
"1050-W-61st-St-Chicago-IL-60621","1050 W 61st St Chicago IL 60621",34309789,"1050 W 61st St","","Chicago","IL","60621","1459",,,,,,,,,,,,,,,
"1050-W-Marquette-Rd-Chicago-IL-60621","1050 W Marquette Rd Chicago IL 60621",15229057,"1050 W Marquette Rd","","Chicago","IL","60621","1242",119681,69299,0.2665996,"LOW",94490,3,2,1607,1887,1327,0.1742377,"LOW",0.2041,436.38,2021
"1052-W-57th-St-Chicago-IL-60621","1052 W 57th St Chicago IL 60621",26504149,"1052 W 57th St","","Chicago","IL","60621","1541",103123,40643,0.4345951,"LOW",71883,2,2,1390,1621,1159,0.1661871,"LOW",0.232,602.86,2021
"1052-W-61st-St-Chicago-IL-60621","1052 W 61st St Chicago IL 60621",61522102,"1052 W 61st St","","Chicago","IL","60621","1459",,,,,,,,,,,,,,,
"1052-W-Marquette-Rd-Chicago-IL-60621","1052 W Marquette Rd Chicago IL 60621",45604894,"1052 W Marquette Rd","","Chicago","IL","60621","1242",262233,143387,0.2929984,"LOW",202810,,,1612,1958,1267,0.21433,"LOW",0.0954,1608.75,2021
"1053-W-59th-St-Chicago-IL-60621","1053 W 59th St Chicago IL 60621",24602589,"1053 W 59th St","","Chicago","IL","60621","1450",224611,124381,0.2871986,"LOW",174496,,,1481,1771,1193,0.1951384,"LOW",0.1018,502.54,2021
"1053-W-Garfield-Blvd-Chicago-IL-60621","1053 W Garfield Blvd Chicago IL 60621",15797050,"1053 W Garfield Blvd","","Chicago","IL","60621","1551",276936,148498,0.3018988,"LOW",212717,3,1.5,1986,2235,1738,0.1251259,"LOW",0.112,1743.16,2021
"1054-W-63rd-St-Chicago-IL-60621","1054 W 63rd St Chicago IL 60621",40256557,"1054 W 63rd St","","Chicago","IL","60621","1349",208977,128301,0.2391973,"LOW",168639,,,1746,2381,1111,0.3636884,"LOW",0.1242,804.58,2021
"1054-W-Marquette-Rd-Chicago-IL-60621","1054 W Marquette Rd Chicago IL 60621",7549643,"1054 W Marquette Rd","","Chicago","IL","60621","1242",,,,,,,,,,,,,,,
"1055-W-61st-St-Chicago-IL-60621","1055 W 61st St Chicago IL 60621",56103910,"1055 W 61st St","","Chicago","IL","60621","1447",,,,,,,,,,,,,,,
"1055-W-Garfield-Blvd-Chicago-IL-60621","1055 W Garfield Blvd Chicago IL 60621",63338317,"1055 W Garfield Blvd","","Chicago","IL","60621","1551",268189,196369,0.1545986,"LOW",232279,3,2.5,2013,2268,1759,0.1264282,"LOW",0.104,2412.86,2021
"1056-W-63rd-St-Chicago-IL-60621","1056 W 63rd St Chicago IL 60621",51956782,"1056 W 63rd St","","Chicago","IL","60621","1344",,,,,,,,,,,,,,,
"1057-W-61st-St-Chicago-IL-60621","1057 W 61st St Chicago IL 60621",7667474,"1057 W 61st St","","Chicago","IL","60621","1447",,,,,,,,,,,,,,,
"1058-W-57th-St-Chicago-IL-60621","1058 W 57th St Chicago IL 60621",3185113,"1058 W 57th St","","Chicago","IL","60621","1541",,,,,,,,,,,,,,,
"1058-W-Marquette-Rd-Chicago-IL-60621","1058 W Marquette Rd Chicago IL 60621",33213544,"1058 W Marquette Rd","","Chicago","IL","60621","1242",,,,,,,,,,,,,,,
"1059-W-Garfield-Blvd-Chicago-IL-60621","1059 W Garfield Blvd Chicago IL 60621",42852848,"1059 W Garfield Blvd","","Chicago","IL","60621","1551",253516,114646,0.3771981,"LOW",184081,,,1763,2381,1147,0.3499716,"LOW",0.1149,536.63,2021
"106-W-75th-St-Chicago-IL-60621","106 W 75th St Chicago IL 60621",48886553,"106 W 75th St","","Chicago","IL","60621","3471",,,,,,,,,,,,,,,
"107-W-66TH-ST-CHICAGO-IL-60621","107 W 66TH ST CHICAGO IL 60621",65597645,"107 W 66TH ST","","CHICAGO","IL","60621","",,,,,,,,,,,,,,,
"107-W-73rd-St-Chicago-IL-60621","107 W 73rd St Chicago IL 60621",21690593,"107 W 73rd St","","Chicago","IL","60621","3511",,,,,,4,2,,,,,,,1709.07,2021
"107-W-74th-St-Chicago-IL-60621","107 W 74th St Chicago IL 60621",7179141,"107 W 74th St","","Chicago","IL","60621","3403",357910,252494,0.1726987,"LOW",305202,4,2,1715,2049,1383,0.1941691,"LOW",0.0674,1809.6,2021
"108-W-75th-St-Chicago-IL-60621","108 W 75th St Chicago IL 60621",36138885,"108 W 75th St","","Chicago","IL","60621","3471",260465,169345,0.2120007,"LOW",214905,,,1704,2169,1241,0.2723005,"LOW",0.0951,1347.5,2021
"110-W-68th-St-Chicago-IL-60621","110 W 68th St Chicago IL 60621",177055843,"110 W 68th St","","Chicago","IL","60621","3707",,,,,,,,,,,,,,,
"1101-W-Garfield-Blvd-Chicago-IL-60621","1101 W Garfield Blvd Chicago IL 60621",11109886,"1101 W Garfield Blvd","","Chicago","IL","60621","1528",,,,,,3,2.5,2003,2298,1710,0.1467798,"LOW",0.1109,2815.08,2021
"1101-W-Marquette-Rd-Chicago-IL-60621","1101 W Marquette Rd Chicago IL 60621",651100,"1101 W Marquette Rd","","Chicago","IL","60621","1250",1392039,445515,0.5151,"LOW",918777,,,,,,,,,13305.8,2021
"1102-W-63rd-St-Chicago-IL-60621","1102 W 63rd St Chicago IL 60621",13682696,"1102 W 63rd St","","Chicago","IL","60621","1316",,,,,,,,,,,,,,,
"1103-W-Garfield-Blvd-Chicago-IL-60621","1103 W Garfield Blvd Chicago IL 60621",60589887,"1103 W Garfield Blvd","","Chicago","IL","60621","1528",,,,,,,,,,,,,,,
"1104-W-61st-St-Chicago-IL-60621","1104 W 61st St Chicago IL 60621",36198717,"1104 W 61st St","","Chicago","IL","60621","1408",,,,,,,,,,,,,,,
"1105-W-63rd-St-Chicago-IL-60621","1105 W 63rd St Chicago IL 60621",2416668,"1105 W 63rd St","","Chicago","IL","60621","1345",,,,,,,,,,,,,,,
"1107-W-59th-St-Chicago-IL-60621","1107 W 59th St Chicago IL 60621",23544179,"1107 W 59th St","","Chicago","IL","60621","1423",99640,27136,0.5719064,"LOW",63388,2,1,1209,1427,992,0.1799007,"LOW",0.2289,,2021
"1107-W-61st-St-Chicago-IL-60621","1107 W 61st St Chicago IL 60621",26826204,"1107 W 61st St","","Chicago","IL","60621","1407",155250,70256,0.3769035,"LOW",112753,6,3,1514,2232,796,0.4742404,"LOW",0.1611,703.59,2021
"1107-W-63rd-St-Chicago-IL-60621","1107 W 63rd St Chicago IL 60621",2178085,"1107 W 63rd St","","Chicago","IL","60621","1345",,,,,,,,,,,,,,,
"1107-W-71st-St-Chicago-IL-60621","1107 W 71st St Chicago IL 60621",54360503,"1107 W 71st St","","Chicago","IL","60621","1001",130482,52062,0.4295951,"LOW",91272,4,1,1661,1976,1347,0.1893438,"LOW",0.2184,904.7,2021
"1107-W-Garfield-Blvd-Chicago-IL-60621","1107 W Garfield Blvd Chicago IL 60621",13330241,"1107 W Garfield Blvd","","Chicago","IL","60621","1528",461841,312021,0.1936004,"LOW",386931,10,6,1934,2469,1400,0.2763702,"LOW",0.06,3016.4,2021
"1108-W-59th-St-Chicago-IL-60621","1108 W 59th St Chicago IL 60621",36415198,"1108 W 59th St","","Chicago","IL","60621","1424",,,,,,,,,,,,,,,
"1108-W-61st-St-Chicago-IL-60621","1108 W 61st St Chicago IL 60621",23678137,"1108 W 61st St","","Chicago","IL","60621","1408",187711,73707,0.4360985,"LOW",130709,,,,,,,,,703.79,2021
"1109-W-59th-St-Chicago-IL-60621","1109 W 59th St Chicago IL 60621",43253519,"1109 W 59th St","","Chicago","IL","60621","1423",75035,25219,0.4968979,"LOW",50127,2,1,1180,1401,959,0.1872881,"LOW",0.2825,440.19,2021
"1109-W-61st-St-Chicago-IL-60621","1109 W 61st St Chicago IL 60621",57807394,"1109 W 61st St","","Chicago","IL","60621","1407",185725,110393,0.2543986,"LOW",148059,5,2,1089,1307,871,0.2001837,"LOW",0.0883,703.59,2021
"1109-W-64TH-ST-CHICAGO-IL-60621","1109 W 64TH ST CHICAGO IL 60621",65489173,"1109 W 64TH ST","","CHICAGO","IL","60621","",,,,,,,,,,,,,,,
"1109-W-71st-St-Chicago-IL-60621","1109 W 71st St Chicago IL 60621",10926313,"1109 W 71st St","","Chicago","IL","60621","1001",120276,45610,0.4501043,"LOW",82943,2,1,1638,1929,1348,0.1773504,"LOW",0.237,,2021
"1109-W-Garfield-Blvd-Chicago-IL-60621","1109 W Garfield Blvd Chicago IL 60621",34828000,"1109 W Garfield Blvd","","Chicago","IL","60621","1528",399196,233044,0.2627989,"LOW",316120,,,,,,,,,1240.49,2021
"1109-W-Marquette-Rd-Chicago-IL-60621","1109 W Marquette Rd Chicago IL 60621",40355728,"1109 W Marquette Rd","","Chicago","IL","60621","1217",,,,,,,,,,,,,,,
"111-W-66TH-ST-CHICAGO-IL-60621","111 W 66TH ST CHICAGO IL 60621",65595382,"111 W 66TH ST","","CHICAGO","IL","60621","",,,,,,,,,,,,,,,
"111-W-70th-St-Chicago-IL-60621","111 W 70th St Chicago IL 60621",58678382,"111 W 70th St","","Chicago","IL","60621","3604",147823,63913,0.3962954,"LOW",105868,5,3,1153,1531,776,0.3274068,"LOW",0.1307,1005.49,2021
"111-W-74th-St-Chicago-IL-60621","111 W 74th St Chicago IL 60621",23374850,"111 W 74th St","","Chicago","IL","60621","3403",352958,217110,0.2383014,"LOW",285034,4,2,1748,2118,1379,0.2113844,"LOW",0.0736,3418.35,2021
"1110-W-64TH-ST-CHICAGO-IL-60621","1110 W 64TH ST CHICAGO IL 60621",134918022,"1110 W 64TH ST","","CHICAGO","IL","60621","",,,,,,,,,,,,,,,
"1110-W-66th-St-Chicago-IL-60621","1110 W 66th St Chicago IL 60621",46977951,"1110 W 66th St","","Chicago","IL","60621","1240",,,,,,,,,,,,,,,
"1111-W-58TH-ST-CHICAGO-IL-60621","1111 W 58TH ST CHICAGO IL 60621",65397948,"1111 W 58TH ST","","CHICAGO","IL","60621","",,,,,,,,,,,,,,,
"1111-W-61st-St-Chicago-IL-60621","1111 W 61st St Chicago IL 60621",51187219,"1111 W 61st St","","Chicago","IL","60621","1407",214487,93463,0.3929989,"LOW",153975,6,4,1743,2509,977,0.4394722,"LOW",0.1358,1206.53,2021
"1111-W-63rd-St-Chicago-IL-60621","1111 W 63rd St Chicago IL 60621",32048534,"1111 W 63rd St","","Chicago","IL","60621","1345",,,,,,,,,,,,,,,
"1111-W-71st-St-Chicago-IL-60621","1111 W 71st St Chicago IL 60621",62687538,"1111 W 71st St","","Chicago","IL","60621","1001",148767,57153,0.4449009,"LOW",102960,2,1.5,1581,1859,1304,0.1755218,"LOW",0.1843,,2021
"1111-W-Marquette-Rd-Chicago-IL-60621","1111 W Marquette Rd Chicago IL 60621",13360991,"1111 W Marquette Rd","","Chicago","IL","60621","1217",103813,32621,0.5218054,"LOW",68217,3,1,1620,1892,1349,0.1675926,"LOW",0.285,70.52,2021
"1112-W-Marquette-Rd-Chicago-IL-60621","1112 W Marquette Rd Chicago IL 60621",19736291,"1112 W Marquette Rd","","Chicago","IL","60621","1218",182822,74782,0.4194034,"LOW",128802,9,4,1567,2781,354,0.7744097,"LOW",0.146,2413.06,2021
"1113-W-59th-St-Chicago-IL-60621","1113 W 59th St Chicago IL 60621",36922401,"1113 W 59th St","","Chicago","IL","60621","1423",,,,,,,,,,,,,,,
"1114-W-71st-St-Chicago-IL-60621","1114 W 71st St Chicago IL 60621",23729334,"1114 W 71st St","","Chicago","IL","60621","1002",,,,,,,,,,,,,,,
"1115-W-57th-St-Chicago-IL-60621","1115 W 57th St Chicago IL 60621",3557011,"1115 W 57th St","","Chicago","IL","60621","1517",,,,,,,,,,,,,,,
"1115-W-59th-St-Chicago-IL-60621","1115 W 59th St Chicago IL 60621",54554490,"1115 W 59th St","","Chicago","IL","60621","1423",113498,40848,0.4706957,"LOW",77173,3,1.5,1446,1685,1209,0.164592,"LOW",0.2248,502.74,2021
"1115-W-71st-St-Chicago-IL-60621","1115 W 71st St Chicago IL 60621",21552343,"1115 W 71st St","","Chicago","IL","60621","1001",,,,,,,,,,,,,,,
"1115-W-Garfield-Blvd-Chicago-IL-60621","1115 W Garfield Blvd Chicago IL 60621",49377824,"1115 W Garfield Blvd","","Chicago","IL","60621","1528",253047,84551,0.4991025,"LOW",168799,5,2,1763,2953,574,0.6747022,"LOW",0.1253,2211.82,2021
"1115-W-Marquette-Rd-Chicago-IL-60621","1115 W Marquette Rd Chicago IL 60621",6071831,"1115 W Marquette Rd","","Chicago","IL","60621","1217",122724,47218,0.4443045,"LOW",84971,2,1,1585,1813,1358,0.1435331,"LOW",0.2238,804.18,2021
"1116-W-Marquette-Rd-Chicago-IL-60621","1116 W Marquette Rd Chicago IL 60621",63735607,"1116 W Marquette Rd","","Chicago","IL","60621","1218",134115,63767,0.3555048,"LOW",98941,9,3,992,1231,754,0.2404234,"LOW",0.1203,1507.96,2021
"1117-W-57th-St-Chicago-IL-60621","1117 W 57th St Chicago IL 60621",4583272,"1117 W 57th St","","Chicago","IL","60621","1517",266301,190593,0.1657015,"LOW",228447,4,2,1393,1694,1093,0.2157215,"LOW",0.0732,401.95,2021
"1117-W-59th-St-Chicago-IL-60621","1117 W 59th St Chicago IL 60621",54611757,"1117 W 59th St","","Chicago","IL","60621","1423",122142,47288,0.441799,"LOW",84715,3,1,1625,1904,1347,0.1713846,"LOW",0.2302,,2021
"1117-W-63rd-St-Chicago-IL-60621","1117 W 63rd St Chicago IL 60621",38185436,"1117 W 63rd St","","Chicago","IL","60621","1345",,,,,,,,,,,,,,,
"1117-W-71st-St-Chicago-IL-60621","1117 W 71st St Chicago IL 60621",32108466,"1117 W 71st St","","Chicago","IL","60621","1001",,,,,,5,2,,,,,,,1039.37,2021
"1117-W-Marquette-Rd-Chicago-IL-60621","1117 W Marquette Rd Chicago IL 60621",51894076,"1117 W Marquette Rd","","Chicago","IL","60621","1217",,,,,,,,,,,,,,,
"1118-W-71st-St-Chicago-IL-60621","1118 W 71st St Chicago IL 60621",30733959,"1118 W 71st St","","Chicago","IL","60621","1002",,,,,,,,,,,,,,,
"1119-W-Garfield-Blvd-Chicago-IL-60621","1119 W Garfield Blvd Chicago IL 60621",52514162,"1119 W Garfield Blvd","","Chicago","IL","60621","1518",503932,388536,0.1292999,"LOW",446234,11,4,2910,4006,1815,0.3764605,"LOW",0.0783,2412.86,2021
"1119-W-Marquette-Rd-Chicago-IL-60621","1119 W Marquette Rd Chicago IL 60621",64020507,"1119 W Marquette Rd","","Chicago","IL","60621","1217",94564,29292,0.5269991,"LOW",61928,2,1,1197,1432,964,0.1954887,"LOW",0.2319,,2021
"1121-W-71st-St-Chicago-IL-60621","1121 W 71st St Chicago IL 60621",47964600,"1121 W 71st St","","Chicago","IL","60621","1001",115720,63344,0.2924988,"LOW",89532,5,2.5,1912,2362,1464,0.2348326,"LOW",0.2563,1507.96,2021
"1121-W-Garfield-Blvd-Chicago-IL-60621","1121 W Garfield Blvd Chicago IL 60621",50568048,"1121 W Garfield Blvd","","Chicago","IL","60621","1528",,,,,,,,,,,,,,,
"1122-W-63rd-St-Chicago-IL-60621","1122 W 63rd St Chicago IL 60621",44564897,"1122 W 63rd St","","Chicago","IL","60621","1316",193841,101041,0.3147022,"LOW",147441,,,1669,2257,1082,0.3520072,"LOW",0.1358,703.59,2021
"1123-W-63rd-St-Chicago-IL-60621","1123 W 63rd St Chicago IL 60621",53322723,"1123 W 63rd St","","Chicago","IL","60621","1345",,,,,,,,,,,,,,,
"1123-W-Marquette-Rd-Chicago-IL-60621","1123 W Marquette Rd Chicago IL 60621",63998376,"1123 W Marquette Rd","","Chicago","IL","60621","1217",83126,23384,0.5609051,"LOW",53255,2,1,1448,1698,1198,0.1726519,"LOW",0.3263,804.18,2021
"1124-W-63rd-St-Chicago-IL-60621","1124 W 63rd St Chicago IL 60621",19492666,"1124 W 63rd St","","Chicago","IL","60621","1316",,,,,,,,,,,,,,,
"1124-W-71st-St-Chicago-IL-60621","1124 W 71st St Chicago IL 60621",29565676,"1124 W 71st St","","Chicago","IL","60621","1002",108715,24075,0.6373974,"LOW",66395,,,1090,1559,623,0.4293578,"LOW",0.197,,
"1124-W-Marquette-Rd-Chicago-IL-60621","1124 W Marquette Rd Chicago IL 60621",23828871,"1124 W Marquette Rd","","Chicago","IL","60621","1218",,,,,,,,,,,,,,,
"1125-W-59th-St-Chicago-IL-60621","1125 W 59th St Chicago IL 60621",39557758,"1125 W 59th St","","Chicago","IL","60621","1423",93330,27996,0.5384996,"LOW",60663,,,,,,,,,2010.91,2021
"1125-W-71st-St-Chicago-IL-60621","1125 W 71st St Chicago IL 60621",17234108,"1125 W 71st St","","Chicago","IL","60621","1001",,,,,,,,,,,,,,,
"1125-W-Garfield-Blvd-Chicago-IL-60621","1125 W Garfield Blvd Chicago IL 60621",13076824,"1125 W Garfield Blvd","","Chicago","IL","60621","1528",417156,297030,0.1681999,"LOW",357093,,,2717,4048,1387,0.4896945,"LOW",0.0913,2613.97,2021
"1127-W-Marquette-Rd-Chicago-IL-60621","1127 W Marquette Rd Chicago IL 60621",17728619,"1127 W Marquette Rd","","Chicago","IL","60621","1217",,,,,,,,,,,,,,,
"1132-W-Marquette-Rd-Chicago-IL-60621","1132 W Marquette Rd Chicago IL 60621",58119792,"1132 W Marquette Rd","","Chicago","IL","60621","1218",706785,404425,0.2720998,"LOW",555605,,,1628,2143,1115,0.3157248,"LOW",0.0352,12056.61,2021
"1133-W-71st-St-Chicago-IL-60621","1133 W 71st St Chicago IL 60621",148994566,"1133 W 71st St","","Chicago","IL","60621","1001",109219,21715,0.6683062,"LOW",65467,,,1114,1602,627,0.4376122,"LOW",0.2042,,
"1134-W-61st-St-Chicago-IL-60621","1134 W 61st St Chicago IL 60621",63449930,"1134 W 61st St","","Chicago","IL","60621","1457",,,,,,,,,,,,,,,
"1134-W-Marquette-Rd-Chicago-IL-60621","1134 W Marquette Rd Chicago IL 60621",181575134,"1134 W Marquette Rd","","Chicago","IL","60621","1244",,,,,,,,,,,,,,,
"1135-W-59th-St-Chicago-IL-60621","1135 W 59th St Chicago IL 60621",15910677,"1135 W 59th St","","Chicago","IL","60621","1452",,,,,,,,,,,,,,,
"1135-W-61st-St-Chicago-IL-60621","1135 W 61st St Chicago IL 60621",886416,"1135 W 61st St","","Chicago","IL","60621","1449",,,,,,,,,,,,,,,
"1135-W-71st-St-Chicago-IL-60621","1135 W 71st St Chicago IL 60621",65840259,"1135 W 71st St","","Chicago","IL","60621","1048",,,,,,,,,,,,,,,
"1135-W-Garfield-Blvd-Chicago-IL-60621","1135 W Garfield Blvd Chicago IL 60621",34183243,"1135 W Garfield Blvd","","Chicago","IL","60621","1500",450056,352540,0.1215007,"LOW",401298,,,1650,2110,1190,0.2787879,"LOW",0.0493,12486.15,2021
"1136-W-59th-St-Chicago-IL-60621","1136 W 59th St Chicago IL 60621",59603905,"1136 W 59th St","","Chicago","IL","60621","1453",179506,96806,0.2992993,"LOW",138156,,,1402,1655,1150,0.1800999,"LOW",0.1218,804.18,2021
"1137-W-59th-St-Chicago-IL-60621","1137 W 59th St Chicago IL 60621",11386062,"1137 W 59th St","","Chicago","IL","60621","1452",,,,,,,,,,,,,,,
"1137-W-61st-St-Chicago-IL-60621","1137 W 61st St Chicago IL 60621",37624291,"1137 W 61st St","","Chicago","IL","60621","1449",,,,,,,,,,,,,,,
"1137-W-Garfield-Blvd-Chicago-IL-60621","1137 W Garfield Blvd Chicago IL 60621",16795568,"1137 W Garfield Blvd","","Chicago","IL","60621","1552",155314,23228,0.7398035,"LOW",89271,,,1647,2132,1163,0.2941712,"LOW",0.2214,2212.02,2021
"1138-W-61st-St-Chicago-IL-60621","1138 W 61st St Chicago IL 60621",53310678,"1138 W 61st St","","Chicago","IL","60621","1457",290461,145339,0.3330014,"LOW",217900,8,3,1932,2464,1402,0.2748447,"LOW",0.1064,1910.39,2021
"1138-W-68th-St-Chicago-IL-60621","1138 W 68th St Chicago IL 60621",180234005,"1138 W 68th St","","Chicago","IL","60621","1144",2165206,322964,0.7404004,"LOW",1244085,,,2079,2796,1363,0.3446368,"LOW",0.0201,13181.3,2021
"1139-W-61st-St-Chicago-IL-60621","1139 W 61st St Chicago IL 60621",11724302,"1139 W 61st St","","Chicago","IL","60621","1449",150885,67409,0.3824017,"LOW",109147,,,1268,1718,820,0.3541009,"LOW",0.1394,,
"1139-W-71st-St-Chicago-IL-60621","1139 W 71st St Chicago IL 60621",65836037,"1139 W 71st St","","Chicago","IL","60621","1048",105898,34980,0.5034001,"LOW",70439,2,1,1497,1773,1221,0.1843687,"LOW",0.255,,2021
"1140-W-61st-St-Chicago-IL-60621","1140 W 61st St Chicago IL 60621",65184097,"1140 W 61st St","","Chicago","IL","60621","1457",,,,,,,,,,,,,,,
"1140-W-68th-St-Chicago-IL-60621","1140 W 68th St Chicago IL 60621",3454812,"1140 W 68th St","","Chicago","IL","60621","1144",,,,,,,,,,,,,,,
"1140-W-Marquette-Rd-Chicago-IL-60621","1140 W Marquette Rd Chicago IL 60621",19413866,"1140 W Marquette Rd","","Chicago","IL","60621","1244",190575,96155,0.3292993,"LOW",143365,3,2,1842,2091,1595,0.1346363,"LOW",0.1542,34.09,2021
"1141-W-61st-St-Chicago-IL-60621","1141 W 61st St Chicago IL 60621",20249850,"1141 W 61st St","","Chicago","IL","60621","1449",,,,,,,,,,,,,,,
"1141-W-71st-St-Chicago-IL-60621","1141 W 71st St Chicago IL 60621",65836032,"1141 W 71st St","","Chicago","IL","60621","1048",,,,,,,,,,,,,,,
"1142-W-Marquette-Rd-Chicago-IL-60621","1142 W Marquette Rd Chicago IL 60621",50280087,"1142 W Marquette Rd","","Chicago","IL","60621","1244",125784,64294,0.3234988,"LOW",95039,5,1.5,1382,1643,1122,0.1884949,"LOW",0.1745,502.34,2021
"1143-W-70th-St-Chicago-IL-60621","1143 W 70th St Chicago IL 60621",183227519,"1143 W 70th St","","Chicago","IL","60621","1139",,,,,,,,,,,,,,,
"1143-W-71st-St-Chicago-IL-60621","1143 W 71st St Chicago IL 60621",65835883,"1143 W 71st St","","Chicago","IL","60621","1048",82374,52610,0.2205002,"LOW",67492,5,2,1578,1900,1256,0.2040558,"LOW",0.2806,745.64,2021
"1143-W-72nd-St-Chicago-IL-60621","1143 W 72nd St Chicago IL 60621",65900038,"1143 W 72nd St","","Chicago","IL","60621","",,,,,,,,,,,,,,,
"1144-W-68th-St-Chicago-IL-60621","1144 W 68th St Chicago IL 60621",34652729,"1144 W 68th St","","Chicago","IL","60621","1144",,,,,,4,2,1049,1072,1027,0.021449,"HIGH",0.0572,1306.92,2021
"1145-W-59th-St-Chicago-IL-60621","1145 W 59th St Chicago IL 60621",50696742,"1145 W 59th St","","Chicago","IL","60621","1452",,,,,,,,,,,,,,,
"1145-W-61st-St-Chicago-IL-60621","1145 W 61st St Chicago IL 60621",56661334,"1145 W 61st St","","Chicago","IL","60621","1449",116553,45191,0.4412034,"LOW",80872,3,1,1631,1916,1347,0.1744329,"LOW",0.242,603.27,2021
"1145-W-70th-St-Chicago-IL-60621","1145 W 70th St Chicago IL 60621",189462382,"1145 W 70th St","","Chicago","IL","60621","1139",,,,,,,,,,,,,,,
"1145-W-71st-St-Chicago-IL-60621","1145 W 71st St Chicago IL 60621",134921685,"1145 W 71st St","","Chicago","IL","60621","1048",104203,34799,0.4993022,"LOW",69501,2,1,1634,1941,1328,0.1875765,"LOW",0.2821,,2021
"1145-W-Marquette-Rd-Chicago-IL-60621","1145 W Marquette Rd Chicago IL 60621",15305659,"1145 W Marquette Rd","","Chicago","IL","60621","1243",,,,,,,,,,,,,,,
"1146-W-61st-St-Chicago-IL-60621","1146 W 61st St Chicago IL 60621",13214495,"1146 W 61st St","","Chicago","IL","60621","1457",,,,,,,,,,,,,,,
"1146-W-68th-St-Chicago-IL-60621","1146 W 68th St Chicago IL 60621",57210087,"1146 W 68th St","","Chicago","IL","60621","1144",,,,,,,,,,,,,,,
"1146-W-69th-St-Chicago-IL-60621","1146 W 69th St Chicago IL 60621",8758319,"1146 W 69th St","","Chicago","IL","60621","1148",,,,,,,,,,,,,,,
"1146-W-Marquette-Rd-Chicago-IL-60621","1146 W Marquette Rd Chicago IL 60621",3992973,"1146 W Marquette Rd","","Chicago","IL","60621","1244",,,,,,,,,,,,,,,
"1147-W-Garfield-Blvd-Chicago-IL-60621","1147 W Garfield Blvd Chicago IL 60621",5934388,"1147 W Garfield Blvd","","Chicago","IL","60621","1552",464834,233272,0.3317003,"LOW",349053,,,1870,3009,732,0.6088235,"LOW",0.0643,2547.54,2021
"1147-W-Marquette-Rd-Chicago-IL-60621","1147 W Marquette Rd Chicago IL 60621",26611918,"1147 W Marquette Rd","","Chicago","IL","60621","1243",256985,120019,0.3633012,"LOW",188502,,,1750,2179,1321,0.2451429,"LOW",0.1114,1341.01,2021
"1148-W-61st-St-Chicago-IL-60621","1148 W 61st St Chicago IL 60621",50412288,"1148 W 61st St","","Chicago","IL","60621","1457",,,,,,,,,,,,,,,
"1148-W-63rd-St-Chicago-IL-60621","1148 W 63rd St Chicago IL 60621",59248109,"1148 W 63rd St","","Chicago","IL","60621","1346",,,,,,,,,,,,,,,
"1148-W-68th-St-Chicago-IL-60621","1148 W 68th St Chicago IL 60621",37966239,"1148 W 68th St","","Chicago","IL","60621","1144",,,,,,,,,,,,,,,
"1149-W-71st-St-Chicago-IL-60621","1149 W 71st St Chicago IL 60621",65835679,"1149 W 71st St","","Chicago","IL","60621","1048",,,,,,,,,,,,,,,
"1149-W-Marquette-Rd-Chicago-IL-60621","1149 W Marquette Rd Chicago IL 60621",6000314,"1149 W Marquette Rd","","Chicago","IL","60621","1243",,,,,,6,2,2283,2865,1702,0.2547087,"LOW",0.0625,,
"115-W-66TH-ST-CHICAGO-IL-60621","115 W 66TH ST CHICAGO IL 60621",65595305,"115 W 66TH ST","","CHICAGO","IL","60621","",,,,,,,,,,,,,,,
"115-W-74th-St-Chicago-IL-60621","115 W 74th St Chicago IL 60621",30305888,"115 W 74th St","","Chicago","IL","60621","3403",224470,109662,0.3436007,"LOW",167066,4,2,1348,1815,881,0.3464392,"LOW",0.0968,2613.97,2021
"1150-W-59th-St-Chicago-IL-60621","1150 W 59th St Chicago IL 60621",41097956,"1150 W 59th St","","Chicago","IL","60621","1453",103092,12644,0.7815027,"LOW",57868,,,,,,,,,,
"1150-W-63rd-St-Chicago-IL-60621","1150 W 63rd St Chicago IL 60621",31371367,"1150 W 63rd St","","Chicago","IL","60621","1346",,,,,,,,,,,,,,,
"1150-W-64th-St-Chicago-IL-60621","1150 W 64th St Chicago IL 60621",184791696,"1150 W 64th St","","Chicago","IL","60621","1348",,,,,,,,,,,,,,,
"1150-W-65th-St-Chicago-IL-60621","1150 W 65th St Chicago IL 60621",188303939,"1150 W 65th St","","Chicago","IL","60621","1248",,,,,,,,,,,,,,,
"1151-W-59th-St-Chicago-IL-60621","1151 W 59th St Chicago IL 60621",12880331,"1151 W 59th St","","Chicago","IL","60621","1452",168877,69903,0.4144987,"LOW",119390,,,1397,1683,1112,0.2043665,"LOW",0.1404,703.79,2021
"1151-W-71st-St-Chicago-IL-60621","1151 W 71st St Chicago IL 60621",65835609,"1151 W 71st St","","Chicago","IL","60621","1048",,,,,,,,,,,,,,,
"1151-W-Garfield-Blvd-Chicago-IL-60621","1151 W Garfield Blvd Chicago IL 60621",50395964,"1151 W Garfield Blvd","","Chicago","IL","60621","1552",378933,211121,0.2844011,"LOW",295027,,,1806,3023,590,0.673588,"LOW",0.0735,2211.82,2021
"1152-W-63rd-St-Chicago-IL-60621","1152 W 63rd St Chicago IL 60621",12128612,"1152 W 63rd St","","Chicago","IL","60621","1346",,,,,,,,,,,,,,,
"1153-W-71st-St-Chicago-IL-60621","1153 W 71st St Chicago IL 60621",65835027,"1153 W 71st St","","Chicago","IL","60621","1048",,,,,,,,,,,,,,,
"1154-W-69th-St-Chicago-IL-60621","1154 W 69th St Chicago IL 60621",58802335,"1154 W 69th St","","Chicago","IL","60621","1148",,,,,,,,,,,,,,,
"1154-W-Marquette-Rd-Chicago-IL-60621","1154 W Marquette Rd Chicago IL 60621",544273,"1154 W Marquette Rd","","Chicago","IL","60621","1244",80460,25138,0.5238925,"LOW",52799,3,2,972,1281,664,0.3173868,"LOW",0.2209,301.63,2021
"1155-W-Garfield-Blvd-Chicago-IL-60621","1155 W Garfield Blvd Chicago IL 60621",50535262,"1155 W Garfield Blvd","","Chicago","IL","60621","1552",287124,139636,0.3455994,"LOW",213380,,,,,,,,,1910.19,2021
"1156-W-63rd-St-Chicago-IL-60621","1156 W 63rd St Chicago IL 60621",58585123,"1156 W 63rd St","","Chicago","IL","60621","1346",386253,248509,0.217001,"LOW",317381,,,,,,,,,2815.28,2021
"1156-W-69th-St-Chicago-IL-60621","1156 W 69th St Chicago IL 60621",49532226,"1156 W 69th St","","Chicago","IL","60621","1148",,,,,,,,,,,,,,,
"1157-W-59th-St-Chicago-IL-60621","1157 W 59th St Chicago IL 60621",38898577,"1157 W 59th St","","Chicago","IL","60621","1452",,,,,,,,,,,,,,,
"1158-W-65th-St-Chicago-IL-60621","1158 W 65th St Chicago IL 60621",189939230,"1158 W 65th St","","Chicago","IL","60621","1248",,,,,,,,,,,,,,,
"1158-W-68th-St-Chicago-IL-60621","1158 W 68th St Chicago IL 60621",49928045,"1158 W 68th St","","Chicago","IL","60621","1144",,,,,,,,,,,,,,,
"1158-W-Marquette-Rd-Chicago-IL-60621","1158 W Marquette Rd Chicago IL 60621",27599441,"1158 W Marquette Rd","","Chicago","IL","60621","1244",301708,168462,0.2833996,"LOW",235085,,,1754,2962,547,0.6884265,"LOW",0.0895,1341.21,2021
"1159-W-Garfield-Blvd-Chicago-IL-60621","1159 W Garfield Blvd Chicago IL 60621",3302027,"1159 W Garfield Blvd","","Chicago","IL","60621","1552",,,,,,,,,,,,,,,
"117-W-74th-St-Chicago-IL-60621","117 W 74th St Chicago IL 60621",16516692,"117 W 74th St","","Chicago","IL","60621","3403",268695,145159,0.2985014,"LOW",206927,,,1705,2083,1328,0.2214076,"LOW",0.0989,2613.97,2021
"124-W-75th-St-Chicago-IL-60621","124 W 75th St Chicago IL 60621",19576927,"124 W 75th St","","Chicago","IL","60621","3471",397425,276577,0.1792992,"LOW",337001,,,1819,2321,1318,0.2757009,"LOW",0.0648,3620.47,2021
"130-W-75th-St-Chicago-IL-60621","130 W 75th St Chicago IL 60621",65037464,"130 W 75th St","","Chicago","IL","60621","3471",,,,,,,,,,,,,,,
"134-W-66th-St-Chicago-IL-60621","134 W 66th St Chicago IL 60621",37983740,"134 W 66th St","","Chicago","IL","60621","3842",,,,,,,,,,,,,,,
"134-W-71st-St-Chicago-IL-60621","134 W 71st St Chicago IL 60621",57007312,"134 W 71st St","","Chicago","IL","60621","3617",433338,184040,0.4038012,"LOW",308689,,,,,,,,,4222.73,2021
"136-W-75th-St-Chicago-IL-60621","136 W 75th St Chicago IL 60621",64734646,"136 W 75th St","","Chicago","IL","60621","3471",,,,,,,,,,,,,,,
"137-W-Marquette-Rd-Chicago-IL-60621","137 W Marquette Rd Chicago IL 60621",55572264,"137 W Marquette Rd","","Chicago","IL","60621","3747",,,,,,,,,,,,,,,
"138-W-66th-St-Chicago-IL-60621","138 W 66th St Chicago IL 60621",29684958,"138 W 66th St","","Chicago","IL","60621","3842",,,,,,,,,,,,,,,
"138-W-70th-St-Chicago-IL-60621","138 W 70th St Chicago IL 60621",179756165,"138 W 70th St","","Chicago","IL","60621","3679",,,,,,,,,,,,,,,
"138-W-73rd-St-Chicago-IL-60621","138 W 73rd St Chicago IL 60621",47564667,"138 W 73rd St","","Chicago","IL","60621","3543",168591,84491,0.3323034,"LOW",126541,,,,,,,,,,
"138-W-75th-St-Chicago-IL-60621","138 W 75th St Chicago IL 60621",45114542,"138 W 75th St","","Chicago","IL","60621","3471",,,,,,,,,,,,,,,
"138-W-Marquette-Rd-Chicago-IL-60621","138 W Marquette Rd Chicago IL 60621",63497446,"138 W Marquette Rd","","Chicago","IL","60621","3748",460015,234505,0.3246991,"LOW",347260,,,1911,3078,745,0.6104134,"LOW",0.066,,2021
"139-W-66TH-ST-CHICAGO-IL-60621","139 W 66TH ST CHICAGO IL 60621",65592878,"139 W 66TH ST","","CHICAGO","IL","60621","",,,,,,,,,,,,,,,
"139-W-71st-St-Chicago-IL-60621","139 W 71st St Chicago IL 60621",31200547,"139 W 71st St","","Chicago","IL","60621","3618",146583,97193,0.202604,"LOW",121888,3,2,2014,2389,1641,0.1857001,"LOW",0.1983,603.27,2021
"139-W-74th-St-Chicago-IL-60621","139 W 74th St Chicago IL 60621",35488351,"139 W 74th St","","Chicago","IL","60621","3447",322040,190966,0.2555019,"LOW",256503,,,2083,2731,1437,0.3106097,"LOW",0.0974,2613.97,2021
"139-W-Marquette-Rd-Chicago-IL-60621","139 W Marquette Rd Chicago IL 60621",183964514,"139 W Marquette Rd","","Chicago","IL","60621","3747",,,,,,,,,,,,,,,
"14-W-59th-St-Chicago-IL-60621","14 W 59th St Chicago IL 60621",59346758,"14 W 59th St","","Chicago","IL","60621","3902",,,,,,,,,,,,,,,
"14-W-65th-St-Chicago-IL-60621","14 W 65th St Chicago IL 60621",41873275,"14 W 65th St","","Chicago","IL","60621","3815",,,,,,,,,,,,,,,
"140-W-66th-St-Chicago-IL-60621","140 W 66th St Chicago IL 60621",11681463,"140 W 66th St","","Chicago","IL","60621","3857",348071,166751,0.3521994,"LOW",257411,,,,,,,,,2211.82,2021
"140-W-68th-St-Chicago-IL-60621","140 W 68th St Chicago IL 60621",37362537,"140 W 68th St","","Chicago","IL","60621","3744",203051,105209,0.3174009,"LOW",154130,,,1602,2048,1157,0.2780899,"LOW",0.1247,,
"140-W-70th-St-Chicago-IL-60621","140 W 70th St Chicago IL 60621",39071541,"140 W 70th St","","Chicago","IL","60621","3646",684376,368996,0.2994004,"LOW",526686,,,,,,,,,1709.07,2021
"140-W-75th-St-Chicago-IL-60621","140 W 75th St Chicago IL 60621",41633021,"140 W 75th St","","Chicago","IL","60621","3471",313625,207953,0.2026006,"LOW",260789,,,1726,2219,1235,0.2850521,"LOW",0.0794,2672.5,2021
"141-W-Marquette-Rd-Chicago-IL-60621","141 W Marquette Rd Chicago IL 60621",55610620,"141 W Marquette Rd","","Chicago","IL","60621","3747",650189,541069,0.0916006,"HIGH",595629,,,,,,,,,3820.5,2021
"143-W-71st-St-Chicago-IL-60621","143 W 71st St Chicago IL 60621",178393,"143 W 71st St","","Chicago","IL","60621","3618",111432,86582,0.1254962,"LOW",99007,4,2.5,1594,1936,1254,0.2139272,"LOW",0.1932,11.79,2021
"143-W-74th-St-Chicago-IL-60621","143 W 74th St Chicago IL 60621",20698931,"143 W 74th St","","Chicago","IL","60621","3447",198615,123995,0.231301,"LOW",161305,,,1523,2725,322,0.7889035,"LOW",0.1133,3016.13,2021
"144-W-66th-St-Chicago-IL-60621","144 W 66th St Chicago IL 60621",187019275,"144 W 66th St","","Chicago","IL","60621","3842",208281,93641,0.3797007,"LOW",150961,12,5,1911,2288,1535,0.1970173,"LOW",0.1519,,
"144-W-74th-St-Chicago-IL-60621","144 W 74th St Chicago IL 60621",18181506,"144 W 74th St","","Chicago","IL","60621","3448",183322,37974,0.6568036,"LOW",110648,6,3,1837,2412,1263,0.3127382,"LOW",0.1992,2010.71,2021
"144-W-75th-St-Chicago-IL-60621","144 W 75th St Chicago IL 60621",52769623,"144 W 75th St","","Chicago","IL","60621","3455",313625,207953,0.2026006,"LOW",260789,,,1732,2226,1239,0.2849307,"LOW",0.0797,2672.3,2021
"144-W-Marquette-Rd-Chicago-IL-60621","144 W Marquette Rd Chicago IL 60621",33076751,"144 W Marquette Rd","","Chicago","IL","60621","3748",143944,55618,0.4425993,"LOW",99781,3,1,1593,1854,1332,0.1638418,"LOW",0.1916,502.14,2021
"145-W-71st-St-Chicago-IL-60621","145 W 71st St Chicago IL 60621",18149648,"145 W 71st St","","Chicago","IL","60621","3618",224018,104430,0.3641003,"LOW",164224,,,1863,2405,1323,0.2903918,"LOW",0.1361,2010.71,2021
"145-W-74th-St-Chicago-IL-60621","145 W 74th St Chicago IL 60621",36625284,"145 W 74th St","","Chicago","IL","60621","3447",,,,,,,,,,,,,,,
"146-W-66th-St-Chicago-IL-60621","146 W 66th St Chicago IL 60621",26002021,"146 W 66th St","","Chicago","IL","60621","3842",,,,,,12,4,1778,2631,925,0.4797525,"LOW",0.0553,2412.86,2021
"146-W-70th-St-Chicago-IL-60621","146 W 70th St Chicago IL 60621",51114686,"146 W 70th St","","Chicago","IL","60621","3646",186811,94785,0.3268015,"LOW",140798,,,1483,1881,1085,0.2683749,"LOW",0.1264,34.09,2021
"146-W-75th-St-Chicago-IL-60621","146 W 75th St Chicago IL 60621",24467747,"146 W 75th St","","Chicago","IL","60621","3471",321998,218086,0.1923997,"LOW",270042,,,1750,2238,1262,0.2788571,"LOW",0.0778,1974.54,2021
"147-W-71st-St-Chicago-IL-60621","147 W 71st St Chicago IL 60621",9983442,"147 W 71st St","","Chicago","IL","60621","3618",147187,53163,0.4692987,"LOW",100175,6,2,1381,2118,644,0.5336713,"LOW",0.1654,838.26,2021
"148-W-66th-St-Chicago-IL-60621","148 W 66th St Chicago IL 60621",8677554,"148 W 66th St","","Chicago","IL","60621","3842",223607,125533,0.2809016,"LOW",174570,,,1723,2180,1268,0.2646547,"LOW",0.1184,,
"148-W-74th-St-Chicago-IL-60621","148 W 74th St Chicago IL 60621",13654017,"148 W 74th St","","Chicago","IL","60621","3448",275544,148500,0.299601,"LOW",212022,,,2006,2523,1489,0.2577268,"LOW",0.1135,35.36,2021
"150-W-70th-St-Chicago-IL-60621","150 W 70th St Chicago IL 60621",59035164,"150 W 70th St","","Chicago","IL","60621","3646",108022,32678,0.535494,"LOW",70350,3,1.5,1644,1878,1411,0.1420316,"LOW",0.2804,,2021
"152-W-75th-St-Chicago-IL-60621","152 W 75th St Chicago IL 60621",54874299,"152 W 75th St","","Chicago","IL","60621","3471",345118,233890,0.192101,"LOW",289504,,,1695,2176,1216,0.2831858,"LOW",0.0703,2168.15,2021
"154-W-70th-St-Chicago-IL-60621","154 W 70th St Chicago IL 60621",3152108,"154 W 70th St","","Chicago","IL","60621","3646",,,,,,,,,,,,,,,
"154-W-74th-St-Chicago-IL-60621","154 W 74th St Chicago IL 60621",11130573,"154 W 74th St","","Chicago","IL","60621","3448",279919,172073,0.2386016,"LOW",225996,6,2,1830,2303,1358,0.2581967,"LOW",0.0972,,
"156-W-70th-St-Chicago-IL-60621","156 W 70th St Chicago IL 60621",42550245,"156 W 70th St","","Chicago","IL","60621","3646",112446,62106,0.2883954,"LOW",87276,4,2,1953,2333,1574,0.1943164,"LOW",0.2685,603.06,2021
"157-W-74th-St-Chicago-IL-60621","157 W 74th St Chicago IL 60621",36614544,"157 W 74th St","","Chicago","IL","60621","3447",263155,137081,0.3149992,"LOW",200118,,,1982,2621,1345,0.3218971,"LOW",0.1188,737.74,2021
"158-W-74th-St-Chicago-IL-60621","158 W 74th St Chicago IL 60621",27012872,"158 W 74th St","","Chicago","IL","60621","3448",259582,124386,0.3521023,"LOW",191984,,,2003,2548,1459,0.2718422,"LOW",0.1252,168.56,2021
"158-W-75th-St-Chicago-IL-60621","158 W 75th St Chicago IL 60621",37793148,"158 W 75th St","","Chicago","IL","60621","3471",,,,,,,,,,,,,,,
"159-W-74th-St-Chicago-IL-60621","159 W 74th St Chicago IL 60621",27782081,"159 W 74th St","","Chicago","IL","60621","3447",338628,166184,0.3416004,"LOW",252406,,,2037,2682,1394,0.3161512,"LOW",0.0968,2613.97,2021
"160-W-70th-St-Chicago-IL-60621","160 W 70th St Chicago IL 60621",16200092,"160 W 70th St","","Chicago","IL","60621","3646",106997,54875,0.3219952,"LOW",80936,4,1,1560,1786,1335,0.1445513,"LOW",0.2313,445.02,2021
"162-W-74th-St-Chicago-IL-60621","162 W 74th St Chicago IL 60621",32587175,"162 W 74th St","","Chicago","IL","60621","3448",276176,143576,0.3159008,"LOW",209876,,,2016,2550,1483,0.2646329,"LOW",0.1153,1562.48,2021
"164-W-70th-St-Chicago-IL-60621","164 W 70th St Chicago IL 60621",56116569,"164 W 70th St","","Chicago","IL","60621","3646",74130,19010,0.5917973,"LOW",46570,,1,1372,1585,1160,0.1548834,"LOW",0.3535,3016.13,2021
"168-W-74th-St-Chicago-IL-60621","168 W 74th St Chicago IL 60621",40525373,"168 W 74th St","","Chicago","IL","60621","3448",,,,,,,,,,,,,,,
"18-W-65th-St-Chicago-IL-60621","18 W 65th St Chicago IL 60621",22837860,"18 W 65th St","","Chicago","IL","60621","3815",,,,,,,,,,,,,,,
"200-W-75th-St-Chicago-IL-60621","200 W 75th St Chicago IL 60621",10801858,"200 W 75th St","","Chicago","IL","60621","3434",,,,,,,,,,,,,,,
"206-W-75th-St-Chicago-IL-60621","206 W 75th St Chicago IL 60621",25504453,"206 W 75th St","","Chicago","IL","60621","3434",,,,,,,,,,,,,,,